﻿<?xml version="1.0" encoding="utf-8" standalone="no"?>
<modDesc descVersion="30">
    <author>Senka Wolf, Bob, junglestrudsen</author>
    <version>1.5</version>

    <title>
        <en>TSR Sign Pack By Senka Wolf</en>
		<de>TSR Zeichenpaket Durch Senka Wolf</de>
    </title>
	

	<description>
        <en>TSR Sign Pack By Senka Wolf</en>
        <de>TSR Zeichenpaket Durch Senka Wolf</de>
    </description>
	
    <iconFilename>store.dds</iconFilename>
	
    <multiplayer supported="true"/>
	
    <extraSourceFiles>
        <sourceFile filename="sign.lua"/>
    </extraSourceFiles>
	
    <storeItems>
		<storeItem xmlFilename="sign_people.xml" rootNode="placeable"/>
		<storeItem xmlFilename="sign_senka.xml" rootNode="placeable"/>
		<storeItem xmlFilename="sign_senkatsr.xml" rootNode="placeable"/>
		<storeItem xmlFilename="sign_bob.xml" rootNode="placeable"/>
		<storeItem xmlFilename="sign_bob2.xml" rootNode="placeable"/>
		<storeItem xmlFilename="sign_iholby.xml" rootNode="placeable"/>
		<storeItem xmlFilename="sign_jackchap.xml" rootNode="placeable"/>
		<storeItem xmlFilename="sign_jackchaphipster.xml" rootNode="placeable"/>
		<storeItem xmlFilename="sign_iholby.xml" rootNode="placeable"/>
		<storeItem xmlFilename="sign_dubstepmad.xml" rootNode="placeable"/>
		<storeItem xmlFilename="sign_doni.xml" rootNode="placeable"/>
		<storeItem xmlFilename="sign_dannyb.xml" rootNode="placeable"/>
        <storeItem xmlFilename="sign_cheese.xml" rootNode="placeable"/>
		<storeItem xmlFilename="sign_mrsaminus.xml" rootNode="placeable"/>
		<storeItem xmlFilename="sign_yamyam.xml" rootNode="placeable"/>
		<storeItem xmlFilename="sign_alexandros.xml" rootNode="placeable"/>
		<storeItem xmlFilename="sign_trappy.xml" rootNode="placeable"/>
		<storeItem xmlFilename="sign_crumbs.xml" rootNode="placeable"/>
		<storeItem xmlFilename="sign_kgv.xml" rootNode="placeable"/>
		<storeItem xmlFilename="sign_banned.xml" rootNode="placeable"/>
		<storeItem xmlFilename="sign_sammyboy.xml" rootNode="placeable"/>
		<storeItem xmlFilename="sign_ads.xml" rootNode="placeable"/>
		<storeItem xmlFilename="sign_simradio.xml" rootNode="placeable"/>
		<storeItem xmlFilename="sign_simradio_concept.xml" rootNode="placeable"/>
		<storeItem xmlFilename="sign_vtc.xml" rootNode="placeable"/>
		<storeItem xmlFilename="sign_random.xml" rootNode="placeable"/>
		<storeItem xmlFilename="sign_mpsync.xml" rootNode="placeable"/>
		<storeItem xmlFilename="sign_newtractor.xml" rootNode="placeable"/>
		<storeItem xmlFilename="sign_drama.xml" rootNode="placeable"/>
		<storeItem xmlFilename="sign_app.xml" rootNode="placeable"/>
		<storeItem xmlFilename="sign_caution.xml" rootNode="placeable"/>
		<storeItem xmlFilename="sign_traffic.xml" rootNode="placeable"/>
		<storeItem xmlFilename="sign_camera.xml" rootNode="placeable"/>
		<storeItem xmlFilename="sign_farming.xml" rootNode="placeable"/>
		<storeItem xmlFilename="sign_straw.xml" rootNode="placeable"/>
		<storeItem xmlFilename="sign_hay.xml" rootNode="placeable"/>
		<storeItem xmlFilename="sign_grass.xml" rootNode="placeable"/>
		<storeItem xmlFilename="sign_seeds.xml" rootNode="placeable"/>
		<storeItem xmlFilename="sign_seedshere.xml" rootNode="placeable"/>
		<storeItem xmlFilename="sign_fertilizer.xml" rootNode="placeable"/>
		<storeItem xmlFilename="sign_fertilizerhere.xml" rootNode="placeable"/>
		<storeItem xmlFilename="sign_cowfeed.xml" rootNode="placeable"/>
		<storeItem xmlFilename="sign_pigfeed.xml" rootNode="placeable"/>
		<storeItem xmlFilename="sign_silage.xml" rootNode="placeable"/>
		<storeItem xmlFilename="sign_left.xml" rootNode="placeable"/>
		<storeItem xmlFilename="sign_right.xml" rootNode="placeable"/>
		<storeItem xmlFilename="sign_up.xml" rootNode="placeable"/>
		<storeItem xmlFilename="sign_down.xml" rootNode="placeable"/>
		<storeItem xmlFilename="sign_translation.xml" rootNode="placeable"/>
		<storeItem xmlFilename="sign_brewery.xml" rootNode="placeable"/>
		<storeItem xmlFilename="sign_compostf.xml" rootNode="placeable"/>
		<storeItem xmlFilename="sign_garden.xml" rootNode="placeable"/>
		<storeItem xmlFilename="sign_greenhouse.xml" rootNode="placeable"/>
		<storeItem xmlFilename="sign_mill.xml" rootNode="placeable"/>
		<storeItem xmlFilename="sign_outdoor.xml" rootNode="placeable"/>
		<storeItem xmlFilename="sign_packaging.xml" rootNode="placeable"/>
		<storeItem xmlFilename="sign_refinery.xml" rootNode="placeable"/>
		<storeItem xmlFilename="sign_sawmill.xml" rootNode="placeable"/>
		<storeItem xmlFilename="sign_slurrys.xml" rootNode="placeable"/>
		<storeItem xmlFilename="sign_credits.xml" rootNode="placeable"/>

    </storeItems>
	
    <brands>
        <brand name="TSR" title="TSR" image="brand_tsr.dds"/>
    </brands>
</modDesc>
