﻿<?xml version="1.0" encoding="utf-8" standalone="no"?>
<placeable>
    <placeableType>sign</placeableType>
    <filename>sign_straw.i3d</filename>
    <placement testSizeX="1" testSizeZ="1" sizeX="1" sizeZ="1" useRandomYRotation="false" useManualYRotation="true"/>
    <incomePerHour>0</incomePerHour>
    <storeData>
        <name>
            <en>Straw Sign</en></name>
        <functions/>
        <specs/>
        <image>sign_straw.dds</image>
        <price>10</price>
        <dailyUpkeep>0</dailyUpkeep>
        <lifetime>16000</lifetime>
        <rotation>0</rotation>
		<species>placeable</species>
        <brand>TSR</brand>
        <category>placeables</category>
    </storeData>
</placeable>
